{
  "__type__": "cc.AnimationClip",
  "_name": "chooseJump1",
  "_objFlags": 0,
  "_native": "",
  "_duration": 1,
  "sample": 60,
  "speed": 1,
  "wrapMode": 2,
  "curveData": {
    "props": {
      "position": [
        {
          "frame": 0,
          "value": [
            -178.191,
            -62.225,
            0
          ]
        },
        {
          "frame": 0.25,
          "value": [
            -178.191,
            -18.574,
            0
          ]
        },
        {
          "frame": 0.5,
          "value": [
            -180.488,
            -66.819,
            0
          ]
        },
        {
          "frame": 1,
          "value": [
            -180.488,
            -66.819,
            0
          ]
        }
      ]
    }
  },
  "events": []
}