{
  "__type__": "cc.AnimationClip",
  "_name": "chooseJump2",
  "_objFlags": 0,
  "_native": "",
  "_duration": 1,
  "sample": 60,
  "speed": 1,
  "wrapMode": 2,
  "curveData": {
    "props": {
      "position": [
        {
          "frame": 0,
          "value": [
            203.647,
            -66.364,
            0
          ]
        },
        {
          "frame": 0.25,
          "value": [
            201.35,
            -15.821,
            0
          ]
        },
        {
          "frame": 0.5,
          "value": [
            205.945,
            -66.364,
            0
          ]
        },
        {
          "frame": 1,
          "value": [
            205.945,
            -66.364,
            0
          ]
        }
      ]
    }
  },
  "events": []
}