{
  "__type__": "cc.AnimationClip",
  "_name": "jump2",
  "_objFlags": 0,
  "_native": "",
  "_duration": 1.8333333333333333,
  "sample": 60,
  "speed": 1,
  "wrapMode": 2,
  "curveData": {
    "props": {
      "position": [
        {
          "frame": 0,
          "value": [
            79.62,
            -118.262,
            0
          ]
        },
        {
          "frame": 0.25,
          "value": [
            40.941,
            -93.12,
            0
          ]
        },
        {
          "frame": 0.5,
          "value": [
            13.865,
            -125.998,
            0
          ]
        },
        {
          "frame": 0.75,
          "value": [
            -36.418,
            -98.922,
            0
          ]
        },
        {
          "frame": 0.9166666666666666,
          "value": [
            -75.097,
            -122.13,
            0
          ]
        },
        {
          "frame": 1.0833333333333333,
          "value": [
            -40.285,
            -102.79,
            0
          ]
        },
        {
          "frame": 1.3333333333333333,
          "value": [
            9.998,
            -125.998,
            0
          ]
        },
        {
          "frame": 1.5833333333333333,
          "value": [
            40.942,
            -93.12,
            0
          ]
        },
        {
          "frame": 1.8333333333333333,
          "value": [
            79.621,
            -122.13,
            0
          ]
        }
      ]
    }
  },
  "events": []
}