{
  "__type__": "cc.AnimationClip",
  "_name": "jump1",
  "_objFlags": 0,
  "_native": "",
  "_duration": 1,
  "sample": 60,
  "speed": 1,
  "wrapMode": 2,
  "curveData": {
    "props": {
      "position": [
        {
          "frame": 0,
          "value": [
            -341.042,
            164.09,
            0
          ]
        },
        {
          "frame": 0.21666666666666667,
          "value": [
            -344.91,
            210.505,
            0
          ]
        },
        {
          "frame": 0.4166666666666667,
          "value": [
            -342.976,
            164.09,
            0
          ]
        },
        {
          "frame": 0.7166666666666667,
          "value": [
            -339.108,
            202.769,
            0
          ]
        },
        {
          "frame": 1,
          "value": [
            -342.976,
            164.09,
            0
          ]
        }
      ],
      "angle": [
        {
          "frame": 0,
          "value": 0
        },
        {
          "frame": 0.21666666666666667,
          "value": 20
        },
        {
          "frame": 0.4166666666666667,
          "value": 0
        },
        {
          "frame": 0.7166666666666667,
          "value": -20
        },
        {
          "frame": 1,
          "value": 0
        }
      ]
    }
  },
  "events": []
}