{
  "version": "1.1.1",
  "windows": {
    "main": {
      "main": true,
      "url": "app://editor/index.html",
      "windowType": "dockable",
      "x": -8,
      "y": -8,
      "width": 1552,
      "height": 840,
      "layout": {
        "type": "dock-h",
        "children": [
          {
            "width": 206,
            "height": 722.1000366210938,
            "type": "dock-v",
            "children": [
              {
                "width": 206,
                "height": 297.0375061035156,
                "type": "panel",
                "active": 0,
                "children": [
                  "hierarchy"
                ]
              },
              {
                "width": 206,
                "height": 422.0625,
                "type": "panel",
                "active": 0,
                "children": [
                  "assets"
                ]
              }
            ]
          },
          {
            "width": 1018,
            "height": 722.1000366210938,
            "type": "dock-v",
            "children": [
              {
                "width": 1018,
                "height": 413.0625,
                "type": "dock-h",
                "children": [
                  {
                    "width": 748.9874877929688,
                    "height": 413.0625,
                    "type": "panel",
                    "active": 0,
                    "children": [
                      "scene"
                    ]
                  },
                  {
                    "width": 266,
                    "height": 413.0625,
                    "type": "panel",
                    "active": 0,
                    "children": [
                      "node-library"
                    ]
                  }
                ]
              },
              {
                "width": 1018,
                "height": 306.0375061035156,
                "type": "panel",
                "active": 1,
                "children": [
                  "console",
                  "timeline",
                  "game-window"
                ]
              }
            ]
          },
          {
            "width": 306,
            "height": 722.1000366210938,
            "type": "panel",
            "active": 0,
            "children": [
              "inspector",
              "cocos-services"
            ]
          }
        ]
      },
      "panels": [
        "hierarchy",
        "assets",
        "scene",
        "node-library",
        "console",
        "timeline",
        "game-window",
        "inspector",
        "cocos-services"
      ]
    }
  },
  "panels": {
    "sprite-editor": {
      "x": 508,
      "y": 132,
      "width": 516,
      "height": 539
    },
    "project-settings": {
      "x": 604,
      "y": 156,
      "width": 611,
      "height": 572
    }
  },
  "panelLabelWidth": {}
}
