{
  "__type__": "cc.AnimationClip",
  "_name": "role1",
  "_objFlags": 0,
  "_native": "",
  "_duration": 0.5166666666666667,
  "sample": 60,
  "speed": 1,
  "wrapMode": 2,
  "curveData": {
    "comps": {
      "cc.Sprite": {
        "spriteFrame": [
          {
            "frame": 0,
            "value": {
              "__uuid__": "01fe76ae-cf04-4f3f-8165-da2c68bccd8c"
            }
          },
          {
            "frame": 0.11666666666666667,
            "value": {
              "__uuid__": "2aff6dab-37ae-4efd-9301-8408d037669f"
            }
          },
          {
            "frame": 0.21666666666666667,
            "value": {
              "__uuid__": "01fe76ae-cf04-4f3f-8165-da2c68bccd8c"
            }
          },
          {
            "frame": 0.3333333333333333,
            "value": {
              "__uuid__": "f21f32b1-6e45-4f19-a7c6-fe6b0cc2ae34"
            }
          },
          {
            "frame": 0.5,
            "value": {
              "__uuid__": "01fe76ae-cf04-4f3f-8165-da2c68bccd8c"
            }
          }
        ]
      }
    },
    "props": {
      "position": [
        {
          "frame": 0,
          "value": [
            13.603,
            169.972,
            0
          ]
        },
        {
          "frame": 0.11666666666666667,
          "value": [
            13.603,
            184.61,
            0
          ]
        },
        {
          "frame": 0.21666666666666667,
          "value": [
            13.603,
            167.044,
            0
          ]
        },
        {
          "frame": 0.3333333333333333,
          "value": [
            13.603,
            181.682,
            0
          ]
        },
        {
          "frame": 0.5,
          "value": [
            13.603,
            167.044,
            0
          ]
        }
      ]
    }
  },
  "events": []
}