{
  "__type__": "cc.AnimationClip",
  "_name": "role2",
  "_objFlags": 0,
  "_native": "",
  "_duration": 0.6833333333333333,
  "sample": 60,
  "speed": 1,
  "wrapMode": 2,
  "curveData": {
    "comps": {
      "cc.Sprite": {
        "spriteFrame": [
          {
            "frame": 0,
            "value": {
              "__uuid__": "e705bd29-4179-40e8-a4e9-db1772956c63"
            }
          },
          {
            "frame": 0.16666666666666666,
            "value": {
              "__uuid__": "e705bd29-4179-40e8-a4e9-db1772956c63"
            }
          },
          {
            "frame": 0.3333333333333333,
            "value": {
              "__uuid__": "a5c0c5ba-8e51-4c07-8043-7e1f2a3a66c2"
            }
          },
          {
            "frame": 0.5,
            "value": {
              "__uuid__": "a8f39c29-1e73-4b08-94e7-3b68abedc961"
            }
          },
          {
            "frame": 0.6666666666666666,
            "value": {
              "__uuid__": "a5c0c5ba-8e51-4c07-8043-7e1f2a3a66c2"
            }
          }
        ]
      }
    },
    "props": {
      "position": [
        {
          "frame": 0,
          "value": [
            7.748,
            155.334,
            0
          ]
        },
        {
          "frame": 0.16666666666666666,
          "value": [
            7.748,
            176.075,
            0
          ]
        },
        {
          "frame": 0.3333333333333333,
          "value": [
            7.748,
            151.186,
            0
          ]
        },
        {
          "frame": 0.5,
          "value": [
            7.748,
            176.075,
            0
          ]
        },
        {
          "frame": 0.6666666666666666,
          "value": [
            7.748,
            140.816,
            0
          ]
        }
      ]
    }
  },
  "events": []
}