{
  "7b0ade4c-70c9-46af-a982-816bf61847ab": {
    "asset": 1679315256107,
    "meta": 1679319269692,
    "relativePath": "scene"
  },
  "5d649900-b75f-44a7-9811-9f26a97b1093": {
    "asset": 1679301865316,
    "meta": 1679306600743,
    "relativePath": "javascript"
  },
  "c8197747-e1e2-4791-82f7-5625b6bd9b0f": {
    "asset": 1679387434950,
    "meta": 1679402336422,
    "relativePath": "img"
  },
  "a8f3c01e-8761-4398-9187-c7d67299cc53": {
    "asset": 1679393025658,
    "meta": 1679393025675,
    "relativePath": "scene\\SceneEnter.fire"
  },
  "eab9f60a-55c0-4190-bce7-66c676395423": {
    "asset": 1679310862616,
    "meta": 1679319269693,
    "relativePath": "img\\jpg2png"
  },
  "b954a31d-7b2d-4a96-888a-b5cbaf2e3d34": {
    "asset": 1670136117054,
    "meta": 1670136224495,
    "relativePath": "img\\jpg2png\\QQ图片20221204135426.png"
  },
  "c82b27b9-12f5-4eeb-9d4a-4dc084509f54": {
    "asset": 1670136024361,
    "meta": 1670136224508,
    "relativePath": "img\\jpg2png\\cao.png"
  },
  "33aa916c-ccb0-4089-b644-1c67fe098ce9": {
    "asset": 1670136069223,
    "meta": 1670136224532,
    "relativePath": "img\\jpg2png\\QQ图片20221130142211.png"
  },
  "1a9c5c77-5d2f-49cb-a871-90fa3ed5fcf3": {
    "asset": 1670136137448,
    "meta": 1670136224557,
    "relativePath": "img\\jpg2png\\QQ图片20221204135438.png"
  },
  "1a8b2ac8-dd21-4ce3-a1bd-13033312c5db": {
    "asset": 1670136094661,
    "meta": 1670136224571,
    "relativePath": "img\\jpg2png\\QQ图片20221204135234.png"
  },
  "9b1fd658-5cfd-48fd-86f1-40d44358de11": {
    "asset": 1670136106796,
    "meta": 1670136224586,
    "relativePath": "img\\jpg2png\\QQ图片20221204135306.png"
  },
  "4e3c208e-7299-4419-976c-3964a84deebb": {
    "asset": 1670136083053,
    "meta": 1670136224594,
    "relativePath": "img\\jpg2png\\QQ图片20221130142220.png"
  },
  "137ce00e-d040-43ac-a3ce-1f79a661fb54": {
    "asset": 1670136127399,
    "meta": 1670136224622,
    "relativePath": "img\\jpg2png\\QQ图片20221204135434.png"
  },
  "8a8a6731-d059-497d-bd9e-2815642cac8e": {
    "asset": 1670136150831,
    "meta": 1670136224637,
    "relativePath": "img\\jpg2png\\QQ图片20221204135441.png"
  },
  "c6b01bfa-8e49-4dbb-9662-b3606e5891b6": {
    "asset": 1670136165061,
    "meta": 1670136224651,
    "relativePath": "img\\jpg2png\\QQ图片20221204135445.png"
  },
  "f9eb66a5-4cb1-4a15-9a93-d8e1d245ef00": {
    "asset": 1670136057445,
    "meta": 1670136224710,
    "relativePath": "img\\jpg2png\\QQ图片20221130142150.png"
  },
  "bce2ecf5-6338-427c-9c5c-5d804c894023": {
    "asset": 1670136176016,
    "meta": 1670136224727,
    "relativePath": "img\\jpg2png\\QQ图片20221204135454.png"
  },
  "45e1ae3f-80f0-44bc-9764-067e3a76ad16": {
    "asset": 1672833385180,
    "meta": 1672833408858,
    "relativePath": "music"
  },
  "b1c08a4b-dc6b-470d-8335-8aaf0e9f97f9": {
    "asset": 1670143339742,
    "meta": 1670143378588,
    "relativePath": "music\\j.mp3"
  },
  "6b3d4fe2-edce-4358-bba1-37adb608da7b": {
    "asset": 1679312434598,
    "meta": 1679312434606,
    "relativePath": "scene\\SceneStart.fire"
  },
  "295379fb-5484-4ec2-b649-3990bd5781ee": {
    "asset": 1679303821298,
    "meta": 1679306600747,
    "relativePath": "img\\jpg3"
  },
  "a53486c0-f614-4c82-855b-af7e308998a2": {
    "asset": 1670298923926,
    "meta": 1670299183181,
    "relativePath": "img\\jpg3\\logo.png"
  },
  "289b10f1-c6ff-4e40-9968-b1efe9f9c427": {
    "asset": 1670298700061,
    "meta": 1670299183255,
    "relativePath": "img\\jpg3\\云3.png"
  },
  "4af738b2-76bf-4ab0-9494-bbc57f66eed6": {
    "asset": 1670298770551,
    "meta": 1670299183273,
    "relativePath": "img\\jpg3\\云2.png"
  },
  "43e87b3d-392c-4287-9f47-3b4c0dcffabb": {
    "asset": 1670298506881,
    "meta": 1670299183290,
    "relativePath": "img\\jpg3\\云.png"
  },
  "e964e9d0-bc38-49b1-b5e4-063786f8b6c2": {
    "asset": 1670298696588,
    "meta": 1670299183306,
    "relativePath": "img\\jpg3\\云4.png"
  },
  "6aca464a-c2ba-43cb-8c66-bdf915e85e13": {
    "asset": 1670298698287,
    "meta": 1670299183336,
    "relativePath": "img\\jpg3\\云6.png"
  },
  "51b1439a-0839-41dc-829b-5f4821d0d42f": {
    "asset": 1670298699559,
    "meta": 1670299183354,
    "relativePath": "img\\jpg3\\云5.png"
  },
  "5eaeebdb-ad32-4d6c-83f7-a54f1f7f3cad": {
    "asset": 1670298537648,
    "meta": 1670299183366,
    "relativePath": "img\\jpg3\\花.png"
  },
  "155c8d98-74b2-492f-a9c0-578d01cf8901": {
    "asset": 1670298704665,
    "meta": 1670299183439,
    "relativePath": "img\\jpg3\\框.png"
  },
  "4f454049-caff-418c-815e-6835198f67b6": {
    "asset": 1669799916084,
    "meta": 1670304401804,
    "relativePath": "img\\QQ图片2022121.png"
  },
  "4c4d79c9-6153-4d57-872e-5e974c8cecec": {
    "asset": 1669799916084,
    "meta": 1670304401814,
    "relativePath": "img\\QQ图片2022121 - 副本.png"
  },
  "b6cd59bc-db69-422c-b6b8-488816eb7dc4": {
    "asset": 1670304560675,
    "meta": 1670304839216,
    "relativePath": "img\\jpg3\\地面.png"
  },
  "ba0e8e5f-4088-4d89-b37c-ef4d3f9e1a01": {
    "asset": 1670304673028,
    "meta": 1670304839241,
    "relativePath": "img\\jpg3\\背景.png"
  },
  "46d00d20-8b2a-4280-bd4a-84cb3e96cac3": {
    "asset": 1670311219077,
    "meta": 1670328610669,
    "relativePath": "img\\jpg3\\background.png"
  },
  "14679bc5-ea24-4a40-a75c-ccd097c132f3": {
    "asset": 1672832045705,
    "meta": 1672832108430,
    "relativePath": "music\\像素死亡(pixel death)_爱给网_aigei_com.mp3"
  },
  "4ede9c15-21a3-4c47-bba1-b18d6f50946d": {
    "asset": 1672833361186,
    "meta": 1672833409370,
    "relativePath": "music\\森林(The Forest)_爱给网_aigei_com.mp3"
  },
  "acd9625d-4f9f-4047-b494-b80943f4cfca": {
    "asset": 1672235692159,
    "meta": 1678113335959,
    "relativePath": "img\\apple.png"
  },
  "9ec73598-0aad-414b-9be9-a202e0002a1c": {
    "asset": 1679220198510,
    "meta": 1679220198517,
    "relativePath": "prefab\\apple.prefab"
  },
  "188693da-8287-4913-83a9-0b4ec1fa311f": {
    "asset": 1672196904734,
    "meta": 1678113497962,
    "relativePath": "img\\爱心.png"
  },
  "73463f4d-baff-4eff-b19c-735af190e8df": {
    "asset": 1679061124786,
    "meta": 1679065668364,
    "relativePath": "prefab"
  },
  "d070ddc5-2f67-4c10-8152-018239df84c0": {
    "asset": 1679063439153,
    "meta": 1679063447136,
    "relativePath": "javascript\\appleSelf.js"
  },
  "2f0e11b2-fa9b-4eb0-ab15-eb6ea0512561": {
    "asset": 1633940254417,
    "meta": 1679287851403,
    "relativePath": "img\\jpg2png\\stop.png"
  },
  "6dd0fa6d-4b94-4c2c-a023-92753d97f9e9": {
    "asset": 1633941337896,
    "meta": 1679288779683,
    "relativePath": "img\\jpg2png\\tanchuang.png"
  },
  "622d885c-f74c-4a7e-ba26-b216a0eb9fbe": {
    "asset": 1679289599782,
    "meta": 1679289616430,
    "relativePath": "javascript\\menuCtrl.js"
  },
  "a7512556-6135-4e7f-8e2f-478f8339a711": {
    "asset": 1679388654336,
    "meta": 1679388654345,
    "relativePath": "scene\\gameOver.fire"
  },
  "093e624d-c4ac-43f8-b26b-70fded2100f7": {
    "asset": 1679392802866,
    "meta": 1679392802872,
    "relativePath": "scene\\skinChoose.fire"
  },
  "4ef3d174-2254-4399-927b-50a0dc8e439b": {
    "asset": 1679300712442,
    "meta": 1679300727129,
    "relativePath": "javascript\\gradeCtrl.js"
  },
  "3a18bf86-5413-4fde-8f86-b26dad0a2441": {
    "asset": 1679300811949,
    "meta": 1679306600749,
    "relativePath": "javascript\\overGame"
  },
  "7c6ae130-50a4-43c6-8eba-7c2c91917d07": {
    "asset": 1679301717656,
    "meta": 1679301717658,
    "relativePath": "scene\\New Scene.fire"
  },
  "7cff87fc-741f-4312-93fb-419ecc30f7fb": {
    "asset": 1679303600695,
    "meta": 1679306600750,
    "relativePath": "javascript\\skin"
  },
  "2e22df3b-83df-4703-9440-6c7abcef2e64": {
    "asset": 1679302075607,
    "meta": 1679302143973,
    "relativePath": "javascript\\data.js"
  },
  "075b525b-182f-4286-9952-952b34ae477c": {
    "asset": 1679317415762,
    "meta": 1679319269694,
    "relativePath": "img\\role"
  },
  "714b0630-99e5-4a56-909e-9581ad393a80": {
    "asset": 1679302241938,
    "meta": 1679303821340,
    "relativePath": "img\\role\\右跳鸟2.png"
  },
  "1aa6ed11-7372-4695-8427-699246629364": {
    "asset": 1679302243903,
    "meta": 1679303821343,
    "relativePath": "img\\role\\左跳鸟-1.png"
  },
  "303f2941-0170-41be-b6ab-328d9c7fcbeb": {
    "asset": 1679302245340,
    "meta": 1679303821345,
    "relativePath": "img\\role\\选角色鸟.png"
  },
  "b81f7097-6425-465a-a226-0900be273ec6": {
    "asset": 1679302245317,
    "meta": 1679303821348,
    "relativePath": "img\\role\\正面鸟2.png"
  },
  "38b73f78-e2b7-463b-b273-6c5566c829bf": {
    "asset": 1679302243827,
    "meta": 1679303821350,
    "relativePath": "img\\role\\左跳鸟2.png"
  },
  "fd7560e6-f80d-4026-a634-b42ea0507917": {
    "asset": 1679302240483,
    "meta": 1679303821351,
    "relativePath": "img\\role\\右跳鸟-1.png"
  },
  "86955b7a-be74-4574-ba37-b970981fa5a2": {
    "asset": 1679302238686,
    "meta": 1679303821353,
    "relativePath": "img\\role\\正面鸟.png"
  },
  "812e9957-ed3b-4ed8-bf30-be9ff01bf782": {
    "asset": 1679303964411,
    "meta": 1679304009281,
    "relativePath": "img\\role\\鸟2飞.png"
  },
  "84f2720c-7862-4663-8618-a473a633706d": {
    "asset": 1679303963113,
    "meta": 1679303993194,
    "relativePath": "img\\role\\鸟1飞.png"
  },
  "db6b37fa-be9d-4590-907b-7665d8ee5eb8": {
    "asset": 1679314073951,
    "meta": 1679319269691,
    "relativePath": "animate"
  },
  "4a401db2-0c74-4c7c-a0c7-ca2004d19911": {
    "asset": 1679317536257,
    "meta": 1679317536263,
    "relativePath": "animate\\role1.anim"
  },
  "a5e55b75-2198-4d34-b59b-059d26938b96": {
    "asset": 1679320413578,
    "meta": 1679320413582,
    "relativePath": "animate\\role2.anim"
  },
  "b6e0bb18-eabc-46ac-a431-bcda44fd0b30": {
    "asset": 1679307536605,
    "meta": 1679310862683,
    "relativePath": "img\\jpg2png\\bg.png"
  },
  "e1dbf1a1-6884-42c4-8be9-fa8697399f16": {
    "asset": 1679307537893,
    "meta": 1679310862700,
    "relativePath": "img\\jpg2png\\选鸟.png"
  },
  "cf7f6e2f-f157-43a2-b4a0-0b1341263060": {
    "asset": 1679307537982,
    "meta": 1679310862714,
    "relativePath": "img\\jpg2png\\结算.png"
  },
  "0abf5a64-7479-41ae-a37e-532618a48030": {
    "asset": 1679311847711,
    "meta": 1679311847716,
    "relativePath": "animate\\jump1.anim"
  },
  "f26cd7fc-293a-49ab-a9e9-d3ff4efc41f8": {
    "asset": 1679311484865,
    "meta": 1679311485856,
    "relativePath": "javascript\\Scenectroll.js"
  },
  "0a2979f6-d5bf-4f04-98de-4f37436d681c": {
    "asset": 1679312333071,
    "meta": 1679312333077,
    "relativePath": "animate\\jump2.anim"
  },
  "8a74091f-5a87-45d3-ae2c-7e86a7c1b373": {
    "asset": 1679314229287,
    "meta": 1679314229291,
    "relativePath": "animate\\chooseJump2.anim"
  },
  "c1066362-b9d7-42a2-b1e2-ac42ab1fb749": {
    "asset": 1679314172045,
    "meta": 1679314172051,
    "relativePath": "animate\\chooseJump1.anim"
  },
  "96d2b60e-3840-49bf-85ff-af8880fe8911": {
    "asset": 1679317415760,
    "meta": 1679317415776,
    "relativePath": "img\\role\\鸟2.png"
  },
  "b552a374-8fc3-4d50-a28b-623932ddbb64": {
    "asset": 1679322094472,
    "meta": 1679322096261,
    "relativePath": "javascript\\overGame\\contrl.js"
  },
  "9836134e-b892-4283-b6b2-78b5acf3ed45": {
    "asset": 1662337645172,
    "meta": 1679387032942,
    "relativePath": "effects"
  },
  "abc2cb62-7852-4525-a90d-d474487b88f2": {
    "asset": 1662337645163,
    "meta": 1679387033146,
    "relativePath": "effects\\builtin-phong.effect"
  },
  "e2f00085-c597-422d-9759-52c360279106": {
    "asset": 1662337645165,
    "meta": 1679387033262,
    "relativePath": "effects\\builtin-toon.effect"
  },
  "430eccbf-bf2c-4e6e-8c0c-884bbb487f32": {
    "asset": 1662337645167,
    "meta": 1679387033282,
    "relativePath": "effects\\__builtin-editor-gizmo-line.effect"
  },
  "6c5cf6e1-b044-4eac-9431-835644d57381": {
    "asset": 1662337645169,
    "meta": 1679387033311,
    "relativePath": "effects\\__builtin-editor-gizmo-unlit.effect"
  },
  "115286d1-2e10-49ee-aab4-341583f607e8": {
    "asset": 1662337645172,
    "meta": 1679387033357,
    "relativePath": "effects\\__builtin-editor-gizmo.effect"
  },
  "f8e6b000-5643-4b86-9080-aa680ce1f599": {
    "asset": 1662337645219,
    "meta": 1679387032942,
    "relativePath": "image"
  },
  "71561142-4c83-4933-afca-cb7a17f67053": {
    "asset": 1662337645177,
    "meta": 1679387033431,
    "relativePath": "image\\default_btn_disabled.png"
  },
  "b43ff3c2-02bb-4874-81f7-f2dea6970f18": {
    "asset": 1662337645183,
    "meta": 1679387033421,
    "relativePath": "image\\default_btn_pressed.png"
  },
  "cfef78f1-c8df-49b7-8ed0-4c953ace2621": {
    "asset": 1662337645190,
    "meta": 1679387033453,
    "relativePath": "image\\default_progressbar.png"
  },
  "e851e89b-faa2-4484-bea6-5c01dd9f06e2": {
    "asset": 1662337645182,
    "meta": 1679387033427,
    "relativePath": "image\\default_btn_normal.png"
  },
  "5c3eedba-6c41-4c0c-9ba7-d91f813cbd1c": {
    "asset": 1662337645223,
    "meta": 1679387032942,
    "relativePath": "materials"
  },
  "edd215b9-2796-4a05-aaf5-81f96c9281ce": {
    "asset": 1662337645185,
    "meta": 1679387033445,
    "relativePath": "image\\default_editbox_bg.png"
  },
  "99170b0b-d210-46f1-b213-7d9e3f23098a": {
    "asset": 1662337645192,
    "meta": 1679387033441,
    "relativePath": "image\\default_progressbar_bg.png"
  },
  "fc09f9bd-2cce-4605-b630-8145ef809ed6": {
    "asset": 1662337645229,
    "meta": 1679387032946,
    "relativePath": "misc"
  },
  "d81ec8ad-247c-4e62-aa3c-d35c4193c7af": {
    "asset": 1662337645187,
    "meta": 1679387033435,
    "relativePath": "image\\default_panel.png"
  },
  "567dcd80-8bf4-4535-8a5a-313f1caf078a": {
    "asset": 1662337645193,
    "meta": 1679387033463,
    "relativePath": "image\\default_radio_button_off.png"
  },
  "db019bf7-f71c-4111-98cf-918ea180cb48": {
    "asset": 1662337645254,
    "meta": 1679387032946,
    "relativePath": "model"
  },
  "e39e96e6-6f6e-413f-bcf1-ac7679bb648a": {
    "asset": 1662337645248,
    "meta": 1679387033468,
    "relativePath": "model\\prefab"
  },
  "600301aa-3357-4a10-b086-84f011fa32ba": {
    "asset": 1662337645175,
    "meta": 1679387033449,
    "relativePath": "image\\default-particle.png"
  },
  "c4480a0a-6ac5-443f-8b40-361a14257fc8": {
    "asset": 1662337645222,
    "meta": 1679387034197,
    "relativePath": "materials\\builtin-phong.mtl"
  },
  "a87cc147-01b2-43f8-8e42-a7ca90b0c757": {
    "asset": 1662337645232,
    "meta": 1679387033813,
    "relativePath": "model\\prefab\\box.prefab"
  },
  "fe1417b6-fe6b-46a4-ae7c-9fd331f33a2a": {
    "asset": 1662337645234,
    "meta": 1679387033825,
    "relativePath": "model\\prefab\\capsule.prefab"
  },
  "9d60001f-b5f4-4726-a629-2659e3ded0b8": {
    "asset": 1662337645195,
    "meta": 1679387033457,
    "relativePath": "image\\default_radio_button_on.png"
  },
  "b5fc2cf2-7942-483d-be1f-bbeadc4714ad": {
    "asset": 1662337645235,
    "meta": 1679387033841,
    "relativePath": "model\\prefab\\cone.prefab"
  },
  "0291c134-b3da-4098-b7b5-e397edbe947f": {
    "asset": 1662337645198,
    "meta": 1679387033471,
    "relativePath": "image\\default_scrollbar.png"
  },
  "4bab67cb-18e6-4099-b840-355f0473f890": {
    "asset": 1662337645199,
    "meta": 1679387033467,
    "relativePath": "image\\default_scrollbar_bg.png"
  },
  "f6e6dd15-71d1-4ffe-ace7-24fd39942c05": {
    "asset": 1662337645271,
    "meta": 1679387032946,
    "relativePath": "obsolete"
  },
  "0275e94c-56a7-410f-bd1a-fc7483f7d14a": {
    "asset": 1662337645207,
    "meta": 1679387033693,
    "relativePath": "image\\default_sprite_splash.png"
  },
  "73a0903d-d80e-4e3c-aa67-f999543c08f5": {
    "asset": 1662337645211,
    "meta": 1679387033705,
    "relativePath": "image\\default_toggle_checkmark.png"
  },
  "f743d2b6-b7ea-4c14-a55b-547ed4d0a045": {
    "asset": 1662337645284,
    "meta": 1679387032946,
    "relativePath": "particle"
  },
  "d6d3ca85-4681-47c1-b5dd-d036a9d39ea2": {
    "asset": 1662337645202,
    "meta": 1679387033697,
    "relativePath": "image\\default_scrollbar_vertical.png"
  },
  "c25b9d50-c8fc-4d27-beeb-6e7c1f2e5c0f": {
    "asset": 1662337645213,
    "meta": 1679387033713,
    "relativePath": "image\\default_toggle_disabled.png"
  },
  "ae6c6c98-11e4-452f-8758-75f5c6a56e83": {
    "asset": 1662337645416,
    "meta": 1679387032950,
    "relativePath": "prefab"
  },
  "1c5e4038-953a-44c2-b620-0bbfc6170477": {
    "asset": 1662337645238,
    "meta": 1679387033893,
    "relativePath": "model\\prefab\\cylinder.prefab"
  },
  "617323dd-11f4-4dd3-8eec-0caf6b3b45b9": {
    "asset": 1662337645204,
    "meta": 1679387033701,
    "relativePath": "image\\default_scrollbar_vertical_bg.png"
  },
  "3f376125-a699-40ca-ad05-04d662eaa1f2": {
    "asset": 1662337645241,
    "meta": 1679387033913,
    "relativePath": "model\\prefab\\plane.prefab"
  },
  "b181c1e4-0a72-4a91-bfb0-ae6f36ca60bd": {
    "asset": 1662337645217,
    "meta": 1679387033717,
    "relativePath": "image\\default_toggle_pressed.png"
  },
  "6c9ef10d-b479-420b-bfe6-39cdda6a8ae0": {
    "asset": 1662337645242,
    "meta": 1679387034077,
    "relativePath": "model\\prefab\\quad.prefab"
  },
  "2d9a4b85-b0ab-4c46-84c5-18f393ab2058": {
    "asset": 1662337645245,
    "meta": 1679387034081,
    "relativePath": "model\\prefab\\sphere.prefab"
  },
  "de510076-056b-484f-b94c-83bef217d0e1": {
    "asset": 1662337645247,
    "meta": 1679387034089,
    "relativePath": "model\\prefab\\torus.prefab"
  },
  "6e056173-d285-473c-b206-40a7fff5386e": {
    "asset": 1662337645205,
    "meta": 1679387033709,
    "relativePath": "image\\default_sprite.png"
  },
  "2be36297-9abb-4fee-8049-9ed5e271da8a": {
    "asset": 1662337645227,
    "meta": 1679387033721,
    "relativePath": "misc\\default_video.mp4"
  },
  "897ef7a1-4860-4f64-968d-f5924b18668a": {
    "asset": 1662337645292,
    "meta": 1679387033729,
    "relativePath": "prefab\\2d-camera.prefab"
  },
  "a3ee0214-b432-4865-9666-4a3211814282": {
    "asset": 1662337645352,
    "meta": 1679387033725,
    "relativePath": "prefab\\light"
  },
  "70d7cdb0-04cd-41bb-9480-c06a4785f386": {
    "asset": 1662337645295,
    "meta": 1679387033737,
    "relativePath": "prefab\\3d-camera.prefab"
  },
  "d29077ba-1627-4a72-9579-7b56a235340c": {
    "asset": 1662337645215,
    "meta": 1679387033717,
    "relativePath": "image\\default_toggle_normal.png"
  },
  "70bbeb73-6dc2-4ee4-8faf-76b3a0e34ec4": {
    "asset": 1662337645303,
    "meta": 1679387033733,
    "relativePath": "prefab\\3d-particle.prefab"
  },
  "ed88f13d-fcad-4848-aa35-65a2cb973584": {
    "asset": 1662337645307,
    "meta": 1679387033741,
    "relativePath": "prefab\\3d-stage.prefab"
  },
  "972b9a4d-47ee-4c74-b5c3-61d8a69bc29f": {
    "asset": 1662337645311,
    "meta": 1679387033745,
    "relativePath": "prefab\\button.prefab"
  },
  "2c937608-2562-40ea-b264-7395df6f0cea": {
    "asset": 1662337645315,
    "meta": 1679387033737,
    "relativePath": "prefab\\canvas.prefab"
  },
  "27756ebb-3d33-44b0-9b96-e858fadd4dd4": {
    "asset": 1662337645325,
    "meta": 1679387033749,
    "relativePath": "prefab\\label.prefab"
  },
  "61aeb05b-3b32-452b-8eed-2b76deeed554": {
    "asset": 1662337645321,
    "meta": 1679387033753,
    "relativePath": "prefab\\editbox.prefab"
  },
  "785a442c-3ceb-45be-a46e-7317f625f3b9": {
    "asset": 1662337645332,
    "meta": 1679387033757,
    "relativePath": "prefab\\layout.prefab"
  },
  "ca8401fe-ad6e-41a8-bd46-8e3e4e9945be": {
    "asset": 1662337645353,
    "meta": 1679387033761,
    "relativePath": "prefab\\pageview.prefab"
  },
  "cd33edea-55f5-46c2-958d-357a01384a36": {
    "asset": 1662337645357,
    "meta": 1679387033769,
    "relativePath": "prefab\\particlesystem.prefab"
  },
  "5965ffac-69da-4b55-bcde-9225d0613c28": {
    "asset": 1662337645363,
    "meta": 1679387033769,
    "relativePath": "prefab\\progressBar.prefab"
  },
  "4a37dd57-78cd-4cec-aad4-f11a73d12b63": {
    "asset": 1662337645369,
    "meta": 1679387033773,
    "relativePath": "prefab\\richtext.prefab"
  },
  "32044bd2-481f-4cf1-a656-e2b2fb1594eb": {
    "asset": 1662337645371,
    "meta": 1679387033781,
    "relativePath": "prefab\\scrollview.prefab"
  },
  "0004d1cf-a0ad-47d8-ab17-34d3db9d35a3": {
    "asset": 1662337645374,
    "meta": 1679387033781,
    "relativePath": "prefab\\slider.prefab"
  },
  "96083d03-c332-4a3f-9386-d03e2d19e8ee": {
    "asset": 1662337645382,
    "meta": 1679387033777,
    "relativePath": "prefab\\sprite.prefab"
  },
  "1f55e3be-b89b-4b79-88de-47fd31018044": {
    "asset": 1662337645386,
    "meta": 1679387033797,
    "relativePath": "prefab\\sprite_splash.prefab"
  },
  "7de03a80-4457-438d-95a7-3e7cdffd6086": {
    "asset": 1662337645389,
    "meta": 1679387033793,
    "relativePath": "prefab\\tiledmap.prefab"
  },
  "d8afc78c-4eac-4a9f-83dd-67bc70344d33": {
    "asset": 1662337645462,
    "meta": 1679387032950,
    "relativePath": "resources"
  },
  "0e42ba95-1fa1-46aa-b2cf-143cd1bcee2c": {
    "asset": 1662337645395,
    "meta": 1679387033793,
    "relativePath": "prefab\\tiledtile.prefab"
  },
  "8a96b965-2dc0-4e03-aa90-3b79cb93b5b4": {
    "asset": 1662337645267,
    "meta": 1679387033725,
    "relativePath": "obsolete\\atom.png"
  },
  "294c1663-4adf-4a1e-a795-53808011a38a": {
    "asset": 1662337645460,
    "meta": 1679387033777,
    "relativePath": "resources\\effects"
  },
  "bbee2217-c261-49bd-a8ce-708d6bcc3500": {
    "asset": 1662337645488,
    "meta": 1679387033781,
    "relativePath": "resources\\materials"
  },
  "30682f87-9f0d-4f17-8a44-72863791461b": {
    "asset": 1662337645421,
    "meta": 1679387033837,
    "relativePath": "resources\\effects\\builtin-2d-graphics.effect"
  },
  "0d784963-d024-4ea6-a7db-03be0ad63010": {
    "asset": 1662337645400,
    "meta": 1679387033801,
    "relativePath": "prefab\\toggle.prefab"
  },
  "144c3297-af63-49e8-b8ef-1cfa29b3be28": {
    "asset": 1662337645424,
    "meta": 1679387033849,
    "relativePath": "resources\\effects\\builtin-2d-gray-sprite.effect"
  },
  "bf0a434c-84dd-4a8e-a08a-7a36f180cc75": {
    "asset": 1662337645403,
    "meta": 1679387033805,
    "relativePath": "prefab\\toggleContainer.prefab"
  },
  "d0a82d39-bede-46c4-b698-c81ff0dedfff": {
    "asset": 1662337645282,
    "meta": 1679387033761,
    "relativePath": "particle\\atom.png"
  },
  "f18742d7-56d2-4eb5-ae49-2d9d710b37c8": {
    "asset": 1662337645429,
    "meta": 1679387033869,
    "relativePath": "resources\\effects\\builtin-2d-label.effect"
  },
  "d1b8be49-b0a0-435c-83b7-552bed4bbe35": {
    "asset": 1662337645407,
    "meta": 1679387033809,
    "relativePath": "prefab\\toggleGroup.prefab"
  },
  "0e93aeaa-0b53-4e40-b8e0-6268b4e07bd7": {
    "asset": 1662337645434,
    "meta": 1679387033885,
    "relativePath": "resources\\effects\\builtin-2d-spine.effect"
  },
  "2874f8dd-416c-4440-81b7-555975426e93": {
    "asset": 1662337645440,
    "meta": 1679387033909,
    "relativePath": "resources\\effects\\builtin-2d-sprite.effect"
  },
  "829a282c-b049-4019-bd38-5ace8d8a6417": {
    "asset": 1662337645446,
    "meta": 1679387034009,
    "relativePath": "resources\\effects\\builtin-3d-particle.effect"
  },
  "2a7c0036-e0b3-4fe1-8998-89a54b8a2bec": {
    "asset": 1662337645452,
    "meta": 1679387034037,
    "relativePath": "resources\\effects\\builtin-3d-trail.effect"
  },
  "c0040c95-c57f-49cd-9cbc-12316b73d0d4": {
    "asset": 1662337645455,
    "meta": 1679387034049,
    "relativePath": "resources\\effects\\builtin-clear-stencil.effect"
  },
  "6d91e591-4ce0-465c-809f-610ec95019c6": {
    "asset": 1662337645459,
    "meta": 1679387034069,
    "relativePath": "resources\\effects\\builtin-unlit.effect"
  },
  "232d2782-c4bd-4bb4-9e01-909f03d6d3b9": {
    "asset": 1662337645410,
    "meta": 1679387033813,
    "relativePath": "prefab\\videoplayer.prefab"
  },
  "8c5001fd-07ee-4a4b-a8a0-63e15195e94d": {
    "asset": 1662337645414,
    "meta": 1679387033805,
    "relativePath": "prefab\\webview.prefab"
  },
  "ddb99b39-7004-47cd-9705-751905c43c46": {
    "asset": 1662337645343,
    "meta": 1679387034097,
    "relativePath": "prefab\\light\\directional.prefab"
  },
  "0cf30284-9073-46bc-9eba-e62b69dbbff3": {
    "asset": 1662337645347,
    "meta": 1679387034105,
    "relativePath": "prefab\\light\\point.prefab"
  },
  "61906da3-7003-4bda-9abc-5769c76faee4": {
    "asset": 1662337645341,
    "meta": 1679387034093,
    "relativePath": "prefab\\light\\ambient.prefab"
  },
  "f5331fd2-bf42-4ee3-a3fd-3e1657600eff": {
    "asset": 1662337645350,
    "meta": 1679387034105,
    "relativePath": "prefab\\light\\spot.prefab"
  },
  "3a7bb79f-32fd-422e-ada2-96f518fed422": {
    "asset": 1662337645470,
    "meta": 1679387034253,
    "relativePath": "resources\\materials\\builtin-2d-gray-sprite.mtl"
  },
  "6f801092-0c37-4f30-89ef-c8d960825b36": {
    "asset": 1662337645463,
    "meta": 1679387034249,
    "relativePath": "resources\\materials\\builtin-2d-base.mtl"
  },
  "a153945d-2511-4c14-be7b-05d242f47d57": {
    "asset": 1662337645466,
    "meta": 1679387034253,
    "relativePath": "resources\\materials\\builtin-2d-graphics.mtl"
  },
  "7afd064b-113f-480e-b793-8817d19f63c3": {
    "asset": 1662337645476,
    "meta": 1679387034257,
    "relativePath": "resources\\materials\\builtin-2d-spine.mtl"
  },
  "e02d87d4-e599-4d16-8001-e14891ac6506": {
    "asset": 1662337645473,
    "meta": 1679387034257,
    "relativePath": "resources\\materials\\builtin-2d-label.mtl"
  },
  "432fa09c-cf03-4cff-a186-982604408a07": {
    "asset": 1662337645480,
    "meta": 1679387034277,
    "relativePath": "resources\\materials\\builtin-3d-particle.mtl"
  },
  "466d4f9b-e5f4-4ea8-85d5-3c6e9a65658a": {
    "asset": 1662337645483,
    "meta": 1679387034273,
    "relativePath": "resources\\materials\\builtin-3d-trail.mtl"
  },
  "cf7e0bb8-a81c-44a9-ad79-d28d43991032": {
    "asset": 1662337645485,
    "meta": 1679387034261,
    "relativePath": "resources\\materials\\builtin-clear-stencil.mtl"
  },
  "2a296057-247c-4a1c-bbeb-0548b6c98650": {
    "asset": 1662337645487,
    "meta": 1679387034277,
    "relativePath": "resources\\materials\\builtin-unlit.mtl"
  },
  "eca5d2f2-8ef6-41c2-bbe6-f9c79d09c432": {
    "asset": 1662337645478,
    "meta": 1679387034257,
    "relativePath": "resources\\materials\\builtin-2d-sprite.mtl"
  },
  "b8223619-7e38-47c4-841f-9160c232495a": {
    "asset": 1662337645260,
    "meta": 1679387034297,
    "relativePath": "obsolete\\atom.plist"
  },
  "b2687ac4-099e-403c-a192-ff477686f4f5": {
    "asset": 1662337645278,
    "meta": 1679387034297,
    "relativePath": "particle\\atom.plist"
  },
  "954fec8b-cd16-4bb9-a3b7-7719660e7558": {
    "asset": 1662337645252,
    "meta": 1679387037030,
    "relativePath": "model\\primitives.fbx"
  },
  "7e31012a-7723-4a85-8f63-e48b1b12d069": {
    "asset": 1679376590441,
    "meta": 1679376831141,
    "relativePath": "plist\\456E2A94-4C6F-C60C-223D-DCB394F66362.plist"
  },
  "3b724c5f-2ef8-4d93-8c94-1d607da32acc": {
    "asset": 1679377786753,
    "meta": 1679377788688,
    "relativePath": "javascript\\skin\\skinContrl .js"
  },
  "73dad21a-d7c7-4001-a3d4-19a41ad052a5": {
    "asset": 1679377831982,
    "meta": 1679387037194,
    "relativePath": "plist"
  },
  "ef741bb4-d71d-4488-ab97-19d975c0af33": {
    "asset": 1679387409752,
    "meta": 1679387435021,
    "relativePath": "img\\X}M7G6`TBIX5YB~`G]$I}[K.png"
  },
  "f5b8fdf7-98b4-41af-82ae-c42023cb224a": {
    "asset": 1679390584786,
    "meta": 1679392062281,
    "relativePath": "javascript\\collion.js"
  },
  "758fac39-8336-4ad3-98fc-129c0fe14064": {
    "asset": 1679403487399,
    "meta": 1679403592903,
    "relativePath": "javascript\\NewScript.js"
  }
}